4067
IF3000,1,1,B52610,FALLAS GONZALEZ WILLIAM,WILLIAM.FALLASGONZALEZ@ucr.ac.cr,Asignado en período ordinario
IF3000,1,1,B52611,FALLAS GONZALEZ WILSON,WILSON.FALLASGONZALEZ@ucr.ac.cr,Asignado en período ordinario
IF3000,1,1,B66772,SEGURA REYES BRYAN NIKY,BRYAN.SEGURAREYES@ucr.ac.cr,Asignado en período ordinario
IF3000,1,1,B75309,MURILLO AGUIRRE ROLANDO ANDREY,ROLANDO.MURILLOAGUIRRE@ucr.ac.cr,Asignado en período ordinario
IF3000,1,1,B80299,ALVARADO CASCANTE STEVEN JOSUE,STEVEN.ALVARADOCASCANTE@ucr.ac.cr,Asignado en período ordinario
IF3000,1,1,B84862,MENDEZ QUESADA JOSE FABIER,JOSE.MENDEZQUESADA@ucr.ac.cr,Asignado en período ordinario
IF3000,1,1,B93298,GOMEZ LOPEZ EDWIN ISACC,EDWIN.GOMEZLOPEZ@ucr.ac.cr,Asignado en período ordinario
IF3000,1,1,B95100,MORA ARAYA GERARDO,GERARDO.MORA19@ucr.ac.cr,Asignado en período ordinario
IF3000,1,1,B95303,MORALES OBANDO ARNOLD AARON,ARNOLD.MORALES@ucr.ac.cr,Asignado en período ordinario
IF3000,1,1,B96069,PORTILLA ALPIZAR EDWIN JOSUE,EDWIN.PORTILLA@ucr.ac.cr,Asignado en período ordinario
IF3000,1,1,B96479,REYES PEREZ GLADYS VANESSA,GLADYS.REYES@ucr.ac.cr,Asignado en período ordinario
IF3000,1,1,B98957,ELIZONDO ELIZONDO EVA VIVIANA,EVA.ELIZONDO@ucr.ac.cr,Asignado en período ordinario
IF3000,1,1,C00930,BARBOZA BARRIOS JONATAN MANRIQUE,JONATAN.BARBOZA@ucr.ac.cr,Asignado en período ordinario
IF3000,1,1,C02373,CORDERO VARELA YESSENIA ROXANA,YESSENIA.CORDERO@ucr.ac.cr,Asignado en período ordinario
IF3000,1,1,C04014,JIMENEZ GUEVARA ALONSO,ALONSO.JIMENEZGUEVARA@ucr.ac.cr,Asignado en período ordinario
IF3000,1,1,C04796,MENDEZ SANDI DILAN,DILAN.MENDEZSANDI@ucr.ac.cr,Asignado en período ordinario
IF3000,1,1,C05047,MONTES GARCIA FABIO,FABIO.MONTES@ucr.ac.cr,Asignado en período ordinario
IF3000,1,1,C05454,MURILLO SALAZAR KEVIN ALEJANDRO,KEVINALEJANDRO.MURILLO@ucr.ac.cr,Asignado en período ordinario
IF3000,1,1,C05721,ORTIZ PEREZ CARLOS IVAN,CARLOSIVAN.ORTIZ@ucr.ac.cr,Asignado en período ordinario
IF3000,1,1,C06078,PORTUGUEZ VARGAS FLORYAN DANIELA,FLORYAN.PORTUGUEZ@ucr.ac.cr,Asignado en período ordinario
IF3000,1,1,C07317,SANCHEZ ZUÑIGA WESLY JOSE,WESLY.SANCHEZ@ucr.ac.cr,Asignado en período ordinario
IF3000,1,1,C08049,VALVERDE FERNANDEZ VICTOR MANUEL,VICTOR.VALVERDEFERNANDEZ@ucr.ac.cr,Asignado en período ordinario
IF3000,1,1,C08748,AGUILAR CALVO MARVIN RONULFO,MARVIN.AGUILARCALVO@ucr.ac.cr,Asignado en período ordinario
IF3000,1,1,C09046,LOPEZ MEJIA SAMIR ISRAEL,SAMIR.LOPEZ@ucr.ac.cr,Asignado en período ordinario
IF3000,1,1,C09105,MONTOYA MATARRITA CRISTOPHER,CRISTOPHER.MONTOYA@ucr.ac.cr,Asignado en período ordinario
IF3000,1,1,C10038,ACEVEDO PEREIRA ARE ESTIVEN,ARE.ACEVEDO@ucr.ac.cr,Asignado en período ordinario
IF3000,1,1,C10084,AGUERO JIMENEZ ALISON MELANIA,ALISON.AGUERO@ucr.ac.cr,Asignado en período ordinario
IF3000,1,1,C10964,BARRANTES ROJAS ANTHONY JESUS,ANTHONY.BARRANTESROJAS@ucr.ac.cr,Asignado en período ordinario
IF3000,1,1,C11553,CAMPOS GUEVARA MELANIE TATIANA,MELANIE.CAMPOS@ucr.ac.cr,Asignado en período ordinario
IF3000,1,1,C11800,CASTRILLO JIMENEZ KEVIN JOSE,KEVIN.CASTRILLO@ucr.ac.cr,Asignado en período ordinario
IF3000,1,1,C14201,LEZCANO ARIAS NANCY JAZMIN,NANCY.LEZCANO@ucr.ac.cr,Asignado en período ordinario
IF3000,1,1,C14811,MIRANDA SOTO JOHAN DE JESUS,JOHAN.MIRANDASOTO@ucr.ac.cr,Asignado en período ordinario
IF3000,1,1,C15778,PALACIOS GOMEZ KEYLOR OMAR,KEYLOR.PALACIOS@ucr.ac.cr,Asignado en período ordinario
IF3000,1,1,C15783,PALACIOS ZAMORA DYLAN GERARDO,DYLAN.PALACIOS@ucr.ac.cr,Asignado en período ordinario
IF3000,1,1,C16733,RODRIGUEZ VARGAS LUIS FERNANDO,LUIS.RODRIGUEZ21@ucr.ac.cr,Asignado en período ordinario
IF3000,1,1,C17429,SEGURA MENJIVAR SERGIO ESTEBAN,SERGIO.SEGURAMENJIVAR@ucr.ac.cr,Asignado en período ordinario
IF3000,1,1,C18084,VALVERDE ELIZONDO ADRIAN ABDI,ADRIAN.VALVERDEELIZONDO@ucr.ac.cr,Asignado en período ordinario
IF3000,1,1,C19120,LEAL HERNANDEZ LEANDRO,LEANDRO.LEAL@ucr.ac.cr,Asignado en período ordinario
IF3000,1,1,C19282,PIEDRA UMAÑA ANTHONY JAFET,ANTHONY.PIEDRAUMANA@ucr.ac.cr,Asignado en período ordinario

